CAM-05,CAM-02
HPUP_033_1_1_1_L_CAM-05_0000001.jpeg,HPUP_033_1_1_1_L_CAM-02_0000001.jpeg
HPUP_033_1_1_1_L_CAM-05_0000002.jpeg,HPUP_033_1_1_1_L_CAM-02_0000002.jpeg
HPUP_033_1_1_1_L_CAM-05_0000003.jpeg,HPUP_033_1_1_1_L_CAM-02_0000003.jpeg
HPUP_033_1_1_1_L_CAM-05_0000004.jpeg,HPUP_033_1_1_1_L_CAM-02_0000004.jpeg
HPUP_033_1_1_1_L_CAM-05_0000005.jpeg,HPUP_033_1_1_1_L_CAM-02_0000005.jpeg
HPUP_033_1_1_1_L_CAM-05_0000006.jpeg,HPUP_033_1_1_1_L_CAM-02_0000006.jpeg
HPUP_033_1_1_1_L_CAM-05_0000007.jpeg,HPUP_033_1_1_1_L_CAM-02_0000007.jpeg
HPUP_033_1_1_1_L_CAM-05_0000008.jpeg,HPUP_033_1_1_1_L_CAM-02_0000008.jpeg
HPUP_033_1_1_1_L_CAM-05_0000009.jpeg,HPUP_033_1_1_1_L_CAM-02_0000009.jpeg
HPUP_033_1_1_1_L_CAM-05_0000010.jpeg,HPUP_033_1_1_1_L_CAM-02_0000010.jpeg
HPUP_033_1_1_1_L_CAM-05_0000011.jpeg,HPUP_033_1_1_1_L_CAM-02_0000011.jpeg
HPUP_033_1_1_1_L_CAM-05_0000012.jpeg,HPUP_033_1_1_1_L_CAM-02_0000012.jpeg
HPUP_033_1_1_1_L_CAM-05_0000013.jpeg,HPUP_033_1_1_1_L_CAM-02_0000013.jpeg
HPUP_033_1_1_1_L_CAM-05_0000014.jpeg,HPUP_033_1_1_1_L_CAM-02_0000014.jpeg
HPUP_033_1_1_1_L_CAM-05_0000015.jpeg,HPUP_033_1_1_1_L_CAM-02_0000015.jpeg
HPUP_033_1_1_1_L_CAM-05_0000016.jpeg,HPUP_033_1_1_1_L_CAM-02_0000016.jpeg
HPUP_033_1_1_1_L_CAM-05_0000017.jpeg,HPUP_033_1_1_1_L_CAM-02_0000017.jpeg
HPUP_033_1_1_1_L_CAM-05_0000018.jpeg,HPUP_033_1_1_1_L_CAM-02_0000018.jpeg
HPUP_033_1_1_1_L_CAM-05_0000019.jpeg,HPUP_033_1_1_1_L_CAM-02_0000019.jpeg
HPUP_033_1_1_1_L_CAM-05_0000020.jpeg,HPUP_033_1_1_1_L_CAM-02_0000020.jpeg
HPUP_033_1_1_1_L_CAM-05_0000021.jpeg,HPUP_033_1_1_1_L_CAM-02_0000021.jpeg
HPUP_033_1_1_1_L_CAM-05_0000022.jpeg,HPUP_033_1_1_1_L_CAM-02_0000022.jpeg
HPUP_033_1_1_1_L_CAM-05_0000023.jpeg,HPUP_033_1_1_1_L_CAM-02_0000023.jpeg
HPUP_033_1_1_1_L_CAM-05_0000024.jpeg,HPUP_033_1_1_1_L_CAM-02_0000024.jpeg
HPUP_033_1_1_1_L_CAM-05_0000025.jpeg,HPUP_033_1_1_1_L_CAM-02_0000025.jpeg
HPUP_033_1_1_1_L_CAM-05_0000026.jpeg,HPUP_033_1_1_1_L_CAM-02_0000026.jpeg
HPUP_033_1_1_1_L_CAM-05_0000027.jpeg,HPUP_033_1_1_1_L_CAM-02_0000027.jpeg
HPUP_033_1_1_1_L_CAM-05_0000028.jpeg,HPUP_033_1_1_1_L_CAM-02_0000028.jpeg
HPUP_033_1_1_1_L_CAM-05_0000029.jpeg,HPUP_033_1_1_1_L_CAM-02_0000029.jpeg
HPUP_033_1_1_1_L_CAM-05_0000030.jpeg,HPUP_033_1_1_1_L_CAM-02_0000030.jpeg
HPUP_033_1_1_1_L_CAM-05_0000031.jpeg,HPUP_033_1_1_1_L_CAM-02_0000031.jpeg
HPUP_033_1_1_1_L_CAM-05_0000032.jpeg,HPUP_033_1_1_1_L_CAM-02_0000032.jpeg
HPUP_033_1_1_1_L_CAM-05_0000033.jpeg,HPUP_033_1_1_1_L_CAM-02_0000033.jpeg
HPUP_033_1_1_1_L_CAM-05_0000034.jpeg,HPUP_033_1_1_1_L_CAM-02_0000034.jpeg
HPUP_033_1_1_1_L_CAM-05_0000035.jpeg,HPUP_033_1_1_1_L_CAM-02_0000035.jpeg
HPUP_033_1_1_1_L_CAM-05_0000036.jpeg,HPUP_033_1_1_1_L_CAM-02_0000036.jpeg
HPUP_033_1_1_1_L_CAM-05_0000037.jpeg,HPUP_033_1_1_1_L_CAM-02_0000037.jpeg
HPUP_033_1_1_1_L_CAM-05_0000038.jpeg,HPUP_033_1_1_1_L_CAM-02_0000038.jpeg
HPUP_033_1_1_1_L_CAM-05_0000039.jpeg,HPUP_033_1_1_1_L_CAM-02_0000039.jpeg
HPUP_033_1_1_1_L_CAM-05_0000040.jpeg,HPUP_033_1_1_1_L_CAM-02_0000040.jpeg
HPUP_033_1_1_1_L_CAM-05_0000041.jpeg,HPUP_033_1_1_1_L_CAM-02_0000041.jpeg
HPUP_033_1_1_1_L_CAM-05_0000042.jpeg,HPUP_033_1_1_1_L_CAM-02_0000042.jpeg
HPUP_033_1_1_1_L_CAM-05_0000043.jpeg,HPUP_033_1_1_1_L_CAM-02_0000043.jpeg
HPUP_033_1_1_1_L_CAM-05_0000044.jpeg,HPUP_033_1_1_1_L_CAM-02_0000044.jpeg
HPUP_033_1_1_1_L_CAM-05_0000045.jpeg,HPUP_033_1_1_1_L_CAM-02_0000045.jpeg
HPUP_033_1_1_1_L_CAM-05_0000046.jpeg,HPUP_033_1_1_1_L_CAM-02_0000046.jpeg
HPUP_033_1_1_1_L_CAM-05_0000047.jpeg,HPUP_033_1_1_1_L_CAM-02_0000047.jpeg
HPUP_033_1_1_1_L_CAM-05_0000048.jpeg,HPUP_033_1_1_1_L_CAM-02_0000048.jpeg
HPUP_033_1_1_1_L_CAM-05_0000049.jpeg,HPUP_033_1_1_1_L_CAM-02_0000049.jpeg
HPUP_033_1_1_1_L_CAM-05_0000050.jpeg,HPUP_033_1_1_1_L_CAM-02_0000050.jpeg
HPUP_033_1_1_1_L_CAM-05_0000051.jpeg,HPUP_033_1_1_1_L_CAM-02_0000051.jpeg
HPUP_033_1_1_1_L_CAM-05_0000052.jpeg,HPUP_033_1_1_1_L_CAM-02_0000052.jpeg
HPUP_033_1_1_1_L_CAM-05_0000053.jpeg,HPUP_033_1_1_1_L_CAM-02_0000053.jpeg
HPUP_033_1_1_1_L_CAM-05_0000054.jpeg,HPUP_033_1_1_1_L_CAM-02_0000054.jpeg
HPUP_033_1_1_1_L_CAM-05_0000055.jpeg,HPUP_033_1_1_1_L_CAM-02_0000055.jpeg
HPUP_033_1_1_1_L_CAM-05_0000056.jpeg,HPUP_033_1_1_1_L_CAM-02_0000056.jpeg
HPUP_033_1_1_1_L_CAM-05_0000057.jpeg,HPUP_033_1_1_1_L_CAM-02_0000057.jpeg
HPUP_033_1_1_1_L_CAM-05_0000058.jpeg,HPUP_033_1_1_1_L_CAM-02_0000058.jpeg
HPUP_033_1_1_1_L_CAM-05_0000059.jpeg,HPUP_033_1_1_1_L_CAM-02_0000059.jpeg
HPUP_033_1_1_1_L_CAM-05_0000060.jpeg,HPUP_033_1_1_1_L_CAM-02_0000060.jpeg
HPUP_033_1_1_1_L_CAM-05_0000061.jpeg,HPUP_033_1_1_1_L_CAM-02_0000061.jpeg
HPUP_033_1_1_1_L_CAM-05_0000062.jpeg,HPUP_033_1_1_1_L_CAM-02_0000062.jpeg
HPUP_033_1_1_1_L_CAM-05_0000063.jpeg,HPUP_033_1_1_1_L_CAM-02_0000063.jpeg
HPUP_033_1_1_1_L_CAM-05_0000064.jpeg,HPUP_033_1_1_1_L_CAM-02_0000064.jpeg
HPUP_033_1_1_1_L_CAM-05_0000065.jpeg,HPUP_033_1_1_1_L_CAM-02_0000065.jpeg
HPUP_033_1_1_1_L_CAM-05_0000066.jpeg,HPUP_033_1_1_1_L_CAM-02_0000066.jpeg
HPUP_033_1_1_1_L_CAM-05_0000067.jpeg,HPUP_033_1_1_1_L_CAM-02_0000067.jpeg
HPUP_033_1_1_1_L_CAM-05_0000068.jpeg,HPUP_033_1_1_1_L_CAM-02_0000068.jpeg
HPUP_033_1_1_1_L_CAM-05_0000069.jpeg,HPUP_033_1_1_1_L_CAM-02_0000069.jpeg
HPUP_033_1_1_1_L_CAM-05_0000070.jpeg,HPUP_033_1_1_1_L_CAM-02_0000070.jpeg
HPUP_033_1_1_1_L_CAM-05_0000071.jpeg,HPUP_033_1_1_1_L_CAM-02_0000071.jpeg
HPUP_033_1_1_1_L_CAM-05_0000072.jpeg,HPUP_033_1_1_1_L_CAM-02_0000072.jpeg
HPUP_033_1_1_1_L_CAM-05_0000073.jpeg,HPUP_033_1_1_1_L_CAM-02_0000073.jpeg
HPUP_033_1_1_1_L_CAM-05_0000074.jpeg,HPUP_033_1_1_1_L_CAM-02_0000074.jpeg
HPUP_033_1_1_1_L_CAM-05_0000075.jpeg,HPUP_033_1_1_1_L_CAM-02_0000075.jpeg
HPUP_033_1_1_1_L_CAM-05_0000076.jpeg,HPUP_033_1_1_1_L_CAM-02_0000076.jpeg
HPUP_033_1_1_1_L_CAM-05_0000077.jpeg,HPUP_033_1_1_1_L_CAM-02_0000077.jpeg
HPUP_033_1_1_1_L_CAM-05_0000078.jpeg,HPUP_033_1_1_1_L_CAM-02_0000078.jpeg
HPUP_033_1_1_1_L_CAM-05_0000079.jpeg,HPUP_033_1_1_1_L_CAM-02_0000079.jpeg
HPUP_033_1_1_1_L_CAM-05_0000080.jpeg,HPUP_033_1_1_1_L_CAM-02_0000080.jpeg
HPUP_033_1_1_1_L_CAM-05_0000081.jpeg,HPUP_033_1_1_1_L_CAM-02_0000081.jpeg
HPUP_033_1_1_1_L_CAM-05_0000082.jpeg,HPUP_033_1_1_1_L_CAM-02_0000082.jpeg
HPUP_033_1_1_1_L_CAM-05_0000083.jpeg,HPUP_033_1_1_1_L_CAM-02_0000083.jpeg
HPUP_033_1_1_1_L_CAM-05_0000084.jpeg,HPUP_033_1_1_1_L_CAM-02_0000084.jpeg
HPUP_033_1_1_1_L_CAM-05_0000085.jpeg,HPUP_033_1_1_1_L_CAM-02_0000085.jpeg
HPUP_033_1_1_1_L_CAM-05_0000086.jpeg,HPUP_033_1_1_1_L_CAM-02_0000086.jpeg
HPUP_033_1_1_1_L_CAM-05_0000087.jpeg,HPUP_033_1_1_1_L_CAM-02_0000087.jpeg
HPUP_033_1_1_1_L_CAM-05_0000088.jpeg,HPUP_033_1_1_1_L_CAM-02_0000088.jpeg
HPUP_033_1_1_1_L_CAM-05_0000089.jpeg,HPUP_033_1_1_1_L_CAM-02_0000089.jpeg
HPUP_033_1_1_1_L_CAM-05_0000090.jpeg,HPUP_033_1_1_1_L_CAM-02_0000090.jpeg
HPUP_033_1_1_1_L_CAM-05_0000091.jpeg,HPUP_033_1_1_1_L_CAM-02_0000091.jpeg
HPUP_033_1_1_1_L_CAM-05_0000092.jpeg,HPUP_033_1_1_1_L_CAM-02_0000092.jpeg
HPUP_033_1_1_1_L_CAM-05_0000093.jpeg,HPUP_033_1_1_1_L_CAM-02_0000093.jpeg
HPUP_033_1_1_1_L_CAM-05_0000094.jpeg,HPUP_033_1_1_1_L_CAM-02_0000094.jpeg
HPUP_033_1_1_1_L_CAM-05_0000095.jpeg,HPUP_033_1_1_1_L_CAM-02_0000095.jpeg
HPUP_033_1_1_1_L_CAM-05_0000096.jpeg,HPUP_033_1_1_1_L_CAM-02_0000096.jpeg
HPUP_033_1_1_1_L_CAM-05_0000097.jpeg,HPUP_033_1_1_1_L_CAM-02_0000097.jpeg
HPUP_033_1_1_1_L_CAM-05_0000098.jpeg,HPUP_033_1_1_1_L_CAM-02_0000098.jpeg
HPUP_033_1_1_1_L_CAM-05_0000099.jpeg,HPUP_033_1_1_1_L_CAM-02_0000099.jpeg
HPUP_033_1_1_1_L_CAM-05_0000100.jpeg,HPUP_033_1_1_1_L_CAM-02_0000100.jpeg
HPUP_033_1_1_1_L_CAM-05_0000101.jpeg,HPUP_033_1_1_1_L_CAM-02_0000101.jpeg
HPUP_033_1_1_1_L_CAM-05_0000102.jpeg,HPUP_033_1_1_1_L_CAM-02_0000102.jpeg
HPUP_033_1_1_1_L_CAM-05_0000103.jpeg,HPUP_033_1_1_1_L_CAM-02_0000103.jpeg
HPUP_033_1_1_1_L_CAM-05_0000104.jpeg,HPUP_033_1_1_1_L_CAM-02_0000104.jpeg
HPUP_033_1_1_1_L_CAM-05_0000105.jpeg,HPUP_033_1_1_1_L_CAM-02_0000105.jpeg
HPUP_033_1_1_1_L_CAM-05_0000106.jpeg,HPUP_033_1_1_1_L_CAM-02_0000106.jpeg
HPUP_033_1_1_1_L_CAM-05_0000107.jpeg,HPUP_033_1_1_1_L_CAM-02_0000107.jpeg
HPUP_033_1_1_1_L_CAM-05_0000108.jpeg,HPUP_033_1_1_1_L_CAM-02_0000108.jpeg
HPUP_033_1_1_1_L_CAM-05_0000109.jpeg,HPUP_033_1_1_1_L_CAM-02_0000109.jpeg
HPUP_033_1_1_1_L_CAM-05_0000110.jpeg,HPUP_033_1_1_1_L_CAM-02_0000110.jpeg
HPUP_033_1_1_1_L_CAM-05_0000111.jpeg,HPUP_033_1_1_1_L_CAM-02_0000111.jpeg
HPUP_033_1_1_1_L_CAM-05_0000112.jpeg,HPUP_033_1_1_1_L_CAM-02_0000112.jpeg
HPUP_033_1_1_1_L_CAM-05_0000113.jpeg,HPUP_033_1_1_1_L_CAM-02_0000113.jpeg
HPUP_033_1_1_1_L_CAM-05_0000114.jpeg,HPUP_033_1_1_1_L_CAM-02_0000114.jpeg
HPUP_033_1_1_1_L_CAM-05_0000115.jpeg,HPUP_033_1_1_1_L_CAM-02_0000115.jpeg
HPUP_033_1_1_1_L_CAM-05_0000116.jpeg,HPUP_033_1_1_1_L_CAM-02_0000116.jpeg
HPUP_033_1_1_1_L_CAM-05_0000117.jpeg,HPUP_033_1_1_1_L_CAM-02_0000117.jpeg
HPUP_033_1_1_1_L_CAM-05_0000118.jpeg,HPUP_033_1_1_1_L_CAM-02_0000118.jpeg
HPUP_033_1_1_1_L_CAM-05_0000119.jpeg,HPUP_033_1_1_1_L_CAM-02_0000119.jpeg
HPUP_033_1_1_1_L_CAM-05_0000120.jpeg,HPUP_033_1_1_1_L_CAM-02_0000120.jpeg
HPUP_033_1_1_1_L_CAM-05_0000121.jpeg,HPUP_033_1_1_1_L_CAM-02_0000121.jpeg
HPUP_033_1_1_1_L_CAM-05_0000122.jpeg,HPUP_033_1_1_1_L_CAM-02_0000122.jpeg
HPUP_033_1_1_1_L_CAM-05_0000123.jpeg,HPUP_033_1_1_1_L_CAM-02_0000123.jpeg
HPUP_033_1_1_1_L_CAM-05_0000124.jpeg,HPUP_033_1_1_1_L_CAM-02_0000124.jpeg
HPUP_033_1_1_1_L_CAM-05_0000125.jpeg,HPUP_033_1_1_1_L_CAM-02_0000125.jpeg
HPUP_033_1_1_1_L_CAM-05_0000126.jpeg,HPUP_033_1_1_1_L_CAM-02_0000126.jpeg
HPUP_033_1_1_1_L_CAM-05_0000127.jpeg,HPUP_033_1_1_1_L_CAM-02_0000127.jpeg
HPUP_033_1_1_1_L_CAM-05_0000128.jpeg,HPUP_033_1_1_1_L_CAM-02_0000128.jpeg
HPUP_033_1_1_1_L_CAM-05_0000129.jpeg,HPUP_033_1_1_1_L_CAM-02_0000129.jpeg
HPUP_033_1_1_1_L_CAM-05_0000130.jpeg,HPUP_033_1_1_1_L_CAM-02_0000130.jpeg
HPUP_033_1_1_1_L_CAM-05_0000131.jpeg,HPUP_033_1_1_1_L_CAM-02_0000131.jpeg
HPUP_033_1_1_1_L_CAM-05_0000132.jpeg,HPUP_033_1_1_1_L_CAM-02_0000132.jpeg
HPUP_033_1_1_1_L_CAM-05_0000133.jpeg,HPUP_033_1_1_1_L_CAM-02_0000133.jpeg
HPUP_033_1_1_1_L_CAM-05_0000134.jpeg,HPUP_033_1_1_1_L_CAM-02_0000134.jpeg
HPUP_033_1_1_1_L_CAM-05_0000135.jpeg,HPUP_033_1_1_1_L_CAM-02_0000135.jpeg
HPUP_033_1_1_1_L_CAM-05_0000136.jpeg,HPUP_033_1_1_1_L_CAM-02_0000136.jpeg
HPUP_033_1_1_1_L_CAM-05_0000137.jpeg,HPUP_033_1_1_1_L_CAM-02_0000137.jpeg
HPUP_033_1_1_1_L_CAM-05_0000138.jpeg,HPUP_033_1_1_1_L_CAM-02_0000138.jpeg
HPUP_033_1_1_1_L_CAM-05_0000139.jpeg,HPUP_033_1_1_1_L_CAM-02_0000139.jpeg
HPUP_033_1_1_1_L_CAM-05_0000140.jpeg,HPUP_033_1_1_1_L_CAM-02_0000140.jpeg
HPUP_033_1_1_1_L_CAM-05_0000141.jpeg,HPUP_033_1_1_1_L_CAM-02_0000141.jpeg
HPUP_033_1_1_1_L_CAM-05_0000142.jpeg,HPUP_033_1_1_1_L_CAM-02_0000142.jpeg
HPUP_033_1_1_1_L_CAM-05_0000143.jpeg,HPUP_033_1_1_1_L_CAM-02_0000143.jpeg
HPUP_033_1_1_1_L_CAM-05_0000144.jpeg,HPUP_033_1_1_1_L_CAM-02_0000144.jpeg
HPUP_033_1_1_1_L_CAM-05_0000145.jpeg,HPUP_033_1_1_1_L_CAM-02_0000145.jpeg
HPUP_033_1_1_1_L_CAM-05_0000146.jpeg,HPUP_033_1_1_1_L_CAM-02_0000146.jpeg
HPUP_033_1_1_1_L_CAM-05_0000147.jpeg,HPUP_033_1_1_1_L_CAM-02_0000147.jpeg
HPUP_033_1_1_1_L_CAM-05_0000148.jpeg,HPUP_033_1_1_1_L_CAM-02_0000148.jpeg
HPUP_033_1_1_1_L_CAM-05_0000149.jpeg,HPUP_033_1_1_1_L_CAM-02_0000149.jpeg
HPUP_033_1_1_1_L_CAM-05_0000150.jpeg,HPUP_033_1_1_1_L_CAM-02_0000150.jpeg
HPUP_033_1_1_1_L_CAM-05_0000151.jpeg,HPUP_033_1_1_1_L_CAM-02_0000151.jpeg
HPUP_033_1_1_1_L_CAM-05_0000152.jpeg,HPUP_033_1_1_1_L_CAM-02_0000152.jpeg
HPUP_033_1_1_1_L_CAM-05_0000153.jpeg,HPUP_033_1_1_1_L_CAM-02_0000153.jpeg
HPUP_033_1_1_1_L_CAM-05_0000154.jpeg,HPUP_033_1_1_1_L_CAM-02_0000154.jpeg
HPUP_033_1_1_1_L_CAM-05_0000155.jpeg,HPUP_033_1_1_1_L_CAM-02_0000155.jpeg
HPUP_033_1_1_1_L_CAM-05_0000156.jpeg,HPUP_033_1_1_1_L_CAM-02_0000156.jpeg
HPUP_033_1_1_1_L_CAM-05_0000157.jpeg,HPUP_033_1_1_1_L_CAM-02_0000157.jpeg
HPUP_033_1_1_1_L_CAM-05_0000158.jpeg,HPUP_033_1_1_1_L_CAM-02_0000158.jpeg
HPUP_033_1_1_1_L_CAM-05_0000159.jpeg,HPUP_033_1_1_1_L_CAM-02_0000159.jpeg
HPUP_033_1_1_1_L_CAM-05_0000160.jpeg,HPUP_033_1_1_1_L_CAM-02_0000160.jpeg
HPUP_033_1_1_1_L_CAM-05_0000161.jpeg,HPUP_033_1_1_1_L_CAM-02_0000161.jpeg
HPUP_033_1_1_1_L_CAM-05_0000162.jpeg,HPUP_033_1_1_1_L_CAM-02_0000162.jpeg
HPUP_033_1_1_1_L_CAM-05_0000163.jpeg,HPUP_033_1_1_1_L_CAM-02_0000163.jpeg
HPUP_033_1_1_1_L_CAM-05_0000164.jpeg,HPUP_033_1_1_1_L_CAM-02_0000164.jpeg
HPUP_033_1_1_1_L_CAM-05_0000165.jpeg,HPUP_033_1_1_1_L_CAM-02_0000165.jpeg
HPUP_033_1_1_1_L_CAM-05_0000166.jpeg,HPUP_033_1_1_1_L_CAM-02_0000166.jpeg
HPUP_033_1_1_1_L_CAM-05_0000167.jpeg,HPUP_033_1_1_1_L_CAM-02_0000167.jpeg
HPUP_033_1_1_1_L_CAM-05_0000168.jpeg,HPUP_033_1_1_1_L_CAM-02_0000168.jpeg
HPUP_033_1_1_1_L_CAM-05_0000169.jpeg,HPUP_033_1_1_1_L_CAM-02_0000169.jpeg
HPUP_033_1_1_1_L_CAM-05_0000170.jpeg,HPUP_033_1_1_1_L_CAM-02_0000170.jpeg
HPUP_033_1_1_1_L_CAM-05_0000171.jpeg,HPUP_033_1_1_1_L_CAM-02_0000171.jpeg
HPUP_033_1_1_1_L_CAM-05_0000172.jpeg,HPUP_033_1_1_1_L_CAM-02_0000172.jpeg
HPUP_033_1_1_1_L_CAM-05_0000173.jpeg,HPUP_033_1_1_1_L_CAM-02_0000173.jpeg
HPUP_033_1_1_1_L_CAM-05_0000174.jpeg,HPUP_033_1_1_1_L_CAM-02_0000174.jpeg
HPUP_033_1_1_1_L_CAM-05_0000175.jpeg,HPUP_033_1_1_1_L_CAM-02_0000175.jpeg
HPUP_033_1_1_1_L_CAM-05_0000176.jpeg,HPUP_033_1_1_1_L_CAM-02_0000176.jpeg
HPUP_033_1_1_1_L_CAM-05_0000177.jpeg,HPUP_033_1_1_1_L_CAM-02_0000177.jpeg
HPUP_033_1_1_1_L_CAM-05_0000178.jpeg,HPUP_033_1_1_1_L_CAM-02_0000178.jpeg
HPUP_033_1_1_1_L_CAM-05_0000179.jpeg,HPUP_033_1_1_1_L_CAM-02_0000179.jpeg
HPUP_033_1_1_1_L_CAM-05_0000180.jpeg,HPUP_033_1_1_1_L_CAM-02_0000180.jpeg
HPUP_033_1_1_1_L_CAM-05_0000181.jpeg,HPUP_033_1_1_1_L_CAM-02_0000181.jpeg
HPUP_033_1_1_1_L_CAM-05_0000182.jpeg,HPUP_033_1_1_1_L_CAM-02_0000182.jpeg
HPUP_033_1_1_1_L_CAM-05_0000183.jpeg,HPUP_033_1_1_1_L_CAM-02_0000183.jpeg
HPUP_033_1_1_1_L_CAM-05_0000184.jpeg,HPUP_033_1_1_1_L_CAM-02_0000184.jpeg
HPUP_033_1_1_1_L_CAM-05_0000185.jpeg,HPUP_033_1_1_1_L_CAM-02_0000185.jpeg
HPUP_033_1_1_1_L_CAM-05_0000186.jpeg,HPUP_033_1_1_1_L_CAM-02_0000186.jpeg
HPUP_033_1_1_1_L_CAM-05_0000187.jpeg,HPUP_033_1_1_1_L_CAM-02_0000187.jpeg
HPUP_033_1_1_1_L_CAM-05_0000188.jpeg,HPUP_033_1_1_1_L_CAM-02_0000188.jpeg
HPUP_033_1_1_1_L_CAM-05_0000189.jpeg,HPUP_033_1_1_1_L_CAM-02_0000189.jpeg
HPUP_033_1_1_1_L_CAM-05_0000190.jpeg,HPUP_033_1_1_1_L_CAM-02_0000190.jpeg
HPUP_033_1_1_1_L_CAM-05_0000191.jpeg,HPUP_033_1_1_1_L_CAM-02_0000191.jpeg
HPUP_033_1_1_1_L_CAM-05_0000192.jpeg,HPUP_033_1_1_1_L_CAM-02_0000192.jpeg
HPUP_033_1_1_1_L_CAM-05_0000193.jpeg,HPUP_033_1_1_1_L_CAM-02_0000193.jpeg
HPUP_033_1_1_1_L_CAM-05_0000194.jpeg,HPUP_033_1_1_1_L_CAM-02_0000194.jpeg
HPUP_033_1_1_1_L_CAM-05_0000195.jpeg,HPUP_033_1_1_1_L_CAM-02_0000195.jpeg
HPUP_033_1_1_1_L_CAM-05_0000196.jpeg,HPUP_033_1_1_1_L_CAM-02_0000196.jpeg
HPUP_033_1_1_1_L_CAM-05_0000197.jpeg,HPUP_033_1_1_1_L_CAM-02_0000197.jpeg
HPUP_033_1_1_1_L_CAM-05_0000198.jpeg,HPUP_033_1_1_1_L_CAM-02_0000198.jpeg
HPUP_033_1_1_1_L_CAM-05_0000199.jpeg,HPUP_033_1_1_1_L_CAM-02_0000199.jpeg
HPUP_033_1_1_1_L_CAM-05_0000200.jpeg,HPUP_033_1_1_1_L_CAM-02_0000200.jpeg
HPUP_033_1_1_1_L_CAM-05_0000201.jpeg,HPUP_033_1_1_1_L_CAM-02_0000201.jpeg
HPUP_033_1_1_1_L_CAM-05_0000202.jpeg,HPUP_033_1_1_1_L_CAM-02_0000202.jpeg
HPUP_033_1_1_1_L_CAM-05_0000203.jpeg,HPUP_033_1_1_1_L_CAM-02_0000203.jpeg
HPUP_033_1_1_1_L_CAM-05_0000204.jpeg,HPUP_033_1_1_1_L_CAM-02_0000204.jpeg
HPUP_033_1_1_1_L_CAM-05_0000205.jpeg,HPUP_033_1_1_1_L_CAM-02_0000205.jpeg
HPUP_033_1_1_1_L_CAM-05_0000206.jpeg,HPUP_033_1_1_1_L_CAM-02_0000206.jpeg
HPUP_033_1_1_1_L_CAM-05_0000207.jpeg,HPUP_033_1_1_1_L_CAM-02_0000207.jpeg
HPUP_033_1_1_1_L_CAM-05_0000208.jpeg,HPUP_033_1_1_1_L_CAM-02_0000208.jpeg
HPUP_033_1_1_1_L_CAM-05_0000209.jpeg,HPUP_033_1_1_1_L_CAM-02_0000209.jpeg
HPUP_033_1_1_1_L_CAM-05_0000210.jpeg,HPUP_033_1_1_1_L_CAM-02_0000210.jpeg
HPUP_033_1_1_1_L_CAM-05_0000211.jpeg,HPUP_033_1_1_1_L_CAM-02_0000211.jpeg
HPUP_033_1_1_1_L_CAM-05_0000212.jpeg,HPUP_033_1_1_1_L_CAM-02_0000212.jpeg
HPUP_033_1_1_1_L_CAM-05_0000213.jpeg,HPUP_033_1_1_1_L_CAM-02_0000213.jpeg
HPUP_033_1_1_1_L_CAM-05_0000214.jpeg,HPUP_033_1_1_1_L_CAM-02_0000214.jpeg
HPUP_033_1_1_1_L_CAM-05_0000215.jpeg,HPUP_033_1_1_1_L_CAM-02_0000215.jpeg
HPUP_033_1_1_1_L_CAM-05_0000216.jpeg,HPUP_033_1_1_1_L_CAM-02_0000216.jpeg
HPUP_033_1_1_1_L_CAM-05_0000217.jpeg,HPUP_033_1_1_1_L_CAM-02_0000217.jpeg
HPUP_033_1_1_1_L_CAM-05_0000218.jpeg,HPUP_033_1_1_1_L_CAM-02_0000218.jpeg
HPUP_033_1_1_1_L_CAM-05_0000219.jpeg,HPUP_033_1_1_1_L_CAM-02_0000219.jpeg
HPUP_033_1_1_1_L_CAM-05_0000220.jpeg,HPUP_033_1_1_1_L_CAM-02_0000220.jpeg
HPUP_033_1_1_1_L_CAM-05_0000221.jpeg,HPUP_033_1_1_1_L_CAM-02_0000221.jpeg
HPUP_033_1_1_1_L_CAM-05_0000222.jpeg,HPUP_033_1_1_1_L_CAM-02_0000222.jpeg
HPUP_033_1_1_1_L_CAM-05_0000223.jpeg,HPUP_033_1_1_1_L_CAM-02_0000223.jpeg
HPUP_033_1_1_1_L_CAM-05_0000224.jpeg,HPUP_033_1_1_1_L_CAM-02_0000224.jpeg
HPUP_033_1_1_1_L_CAM-05_0000225.jpeg,HPUP_033_1_1_1_L_CAM-02_0000225.jpeg
HPUP_033_1_1_1_L_CAM-05_0000226.jpeg,HPUP_033_1_1_1_L_CAM-02_0000226.jpeg
HPUP_033_1_1_1_L_CAM-05_0000227.jpeg,HPUP_033_1_1_1_L_CAM-02_0000227.jpeg
HPUP_033_1_1_1_L_CAM-05_0000228.jpeg,HPUP_033_1_1_1_L_CAM-02_0000228.jpeg
HPUP_033_1_1_1_L_CAM-05_0000229.jpeg,HPUP_033_1_1_1_L_CAM-02_0000229.jpeg
HPUP_033_1_1_1_L_CAM-05_0000230.jpeg,HPUP_033_1_1_1_L_CAM-02_0000230.jpeg
HPUP_033_1_1_1_L_CAM-05_0000231.jpeg,HPUP_033_1_1_1_L_CAM-02_0000231.jpeg
HPUP_033_1_1_1_L_CAM-05_0000232.jpeg,HPUP_033_1_1_1_L_CAM-02_0000232.jpeg
HPUP_033_1_1_1_L_CAM-05_0000233.jpeg,HPUP_033_1_1_1_L_CAM-02_0000233.jpeg
HPUP_033_1_1_1_L_CAM-05_0000234.jpeg,HPUP_033_1_1_1_L_CAM-02_0000234.jpeg
HPUP_033_1_1_1_L_CAM-05_0000235.jpeg,HPUP_033_1_1_1_L_CAM-02_0000235.jpeg
HPUP_033_1_1_1_L_CAM-05_0000236.jpeg,HPUP_033_1_1_1_L_CAM-02_0000236.jpeg
HPUP_033_1_1_1_L_CAM-05_0000237.jpeg,HPUP_033_1_1_1_L_CAM-02_0000237.jpeg
HPUP_033_1_1_1_L_CAM-05_0000238.jpeg,HPUP_033_1_1_1_L_CAM-02_0000238.jpeg
HPUP_033_1_1_1_L_CAM-05_0000239.jpeg,HPUP_033_1_1_1_L_CAM-02_0000239.jpeg
HPUP_033_1_1_1_L_CAM-05_0000240.jpeg,HPUP_033_1_1_1_L_CAM-02_0000240.jpeg
HPUP_033_1_1_1_L_CAM-05_0000241.jpeg,HPUP_033_1_1_1_L_CAM-02_0000241.jpeg
HPUP_033_1_1_1_L_CAM-05_0000242.jpeg,HPUP_033_1_1_1_L_CAM-02_0000242.jpeg
HPUP_033_1_1_1_L_CAM-05_0000243.jpeg,HPUP_033_1_1_1_L_CAM-02_0000243.jpeg
HPUP_033_1_1_1_L_CAM-05_0000244.jpeg,HPUP_033_1_1_1_L_CAM-02_0000244.jpeg
HPUP_033_1_1_1_L_CAM-05_0000245.jpeg,HPUP_033_1_1_1_L_CAM-02_0000245.jpeg
HPUP_033_1_1_1_L_CAM-05_0000246.jpeg,HPUP_033_1_1_1_L_CAM-02_0000246.jpeg
HPUP_033_1_1_1_L_CAM-05_0000247.jpeg,HPUP_033_1_1_1_L_CAM-02_0000247.jpeg
HPUP_033_1_1_1_L_CAM-05_0000248.jpeg,HPUP_033_1_1_1_L_CAM-02_0000248.jpeg
HPUP_033_1_1_1_L_CAM-05_0000249.jpeg,HPUP_033_1_1_1_L_CAM-02_0000249.jpeg
HPUP_033_1_1_1_L_CAM-05_0000250.jpeg,HPUP_033_1_1_1_L_CAM-02_0000250.jpeg
HPUP_033_1_1_1_L_CAM-05_0000251.jpeg,HPUP_033_1_1_1_L_CAM-02_0000251.jpeg
HPUP_033_1_1_1_L_CAM-05_0000252.jpeg,HPUP_033_1_1_1_L_CAM-02_0000252.jpeg
HPUP_033_1_1_1_L_CAM-05_0000253.jpeg,HPUP_033_1_1_1_L_CAM-02_0000253.jpeg
HPUP_033_1_1_1_L_CAM-05_0000254.jpeg,HPUP_033_1_1_1_L_CAM-02_0000254.jpeg
HPUP_033_1_1_1_L_CAM-05_0000255.jpeg,HPUP_033_1_1_1_L_CAM-02_0000255.jpeg
HPUP_033_1_1_1_L_CAM-05_0000256.jpeg,HPUP_033_1_1_1_L_CAM-02_0000256.jpeg
HPUP_033_1_1_1_L_CAM-05_0000257.jpeg,HPUP_033_1_1_1_L_CAM-02_0000257.jpeg
HPUP_033_1_1_1_L_CAM-05_0000258.jpeg,HPUP_033_1_1_1_L_CAM-02_0000258.jpeg
HPUP_033_1_1_1_L_CAM-05_0000259.jpeg,HPUP_033_1_1_1_L_CAM-02_0000259.jpeg
HPUP_033_1_1_1_L_CAM-05_0000260.jpeg,HPUP_033_1_1_1_L_CAM-02_0000260.jpeg
HPUP_033_1_1_1_L_CAM-05_0000261.jpeg,HPUP_033_1_1_1_L_CAM-02_0000261.jpeg
HPUP_033_1_1_1_L_CAM-05_0000262.jpeg,HPUP_033_1_1_1_L_CAM-02_0000262.jpeg
HPUP_033_1_1_1_L_CAM-05_0000263.jpeg,HPUP_033_1_1_1_L_CAM-02_0000263.jpeg
HPUP_033_1_1_1_L_CAM-05_0000264.jpeg,HPUP_033_1_1_1_L_CAM-02_0000264.jpeg
HPUP_033_1_1_1_L_CAM-05_0000265.jpeg,HPUP_033_1_1_1_L_CAM-02_0000265.jpeg
HPUP_033_1_1_1_L_CAM-05_0000266.jpeg,HPUP_033_1_1_1_L_CAM-02_0000266.jpeg
HPUP_033_1_1_1_L_CAM-05_0000267.jpeg,HPUP_033_1_1_1_L_CAM-02_0000267.jpeg
HPUP_033_1_1_1_L_CAM-05_0000268.jpeg,HPUP_033_1_1_1_L_CAM-02_0000268.jpeg
HPUP_033_1_1_1_L_CAM-05_0000269.jpeg,HPUP_033_1_1_1_L_CAM-02_0000269.jpeg
HPUP_033_1_1_1_L_CAM-05_0000270.jpeg,HPUP_033_1_1_1_L_CAM-02_0000270.jpeg
HPUP_033_1_1_1_L_CAM-05_0000271.jpeg,HPUP_033_1_1_1_L_CAM-02_0000271.jpeg
HPUP_033_1_1_1_L_CAM-05_0000272.jpeg,HPUP_033_1_1_1_L_CAM-02_0000272.jpeg
HPUP_033_1_1_1_L_CAM-05_0000273.jpeg,HPUP_033_1_1_1_L_CAM-02_0000273.jpeg
HPUP_033_1_1_1_L_CAM-05_0000274.jpeg,HPUP_033_1_1_1_L_CAM-02_0000274.jpeg
HPUP_033_1_1_1_L_CAM-05_0000275.jpeg,HPUP_033_1_1_1_L_CAM-02_0000275.jpeg
HPUP_033_1_1_1_L_CAM-05_0000276.jpeg,HPUP_033_1_1_1_L_CAM-02_0000276.jpeg
HPUP_033_1_1_1_L_CAM-05_0000277.jpeg,HPUP_033_1_1_1_L_CAM-02_0000277.jpeg
HPUP_033_1_1_1_L_CAM-05_0000278.jpeg,HPUP_033_1_1_1_L_CAM-02_0000278.jpeg
HPUP_033_1_1_1_L_CAM-05_0000279.jpeg,HPUP_033_1_1_1_L_CAM-02_0000279.jpeg
HPUP_033_1_1_1_L_CAM-05_0000280.jpeg,HPUP_033_1_1_1_L_CAM-02_0000280.jpeg
HPUP_033_1_1_1_L_CAM-05_0000281.jpeg,HPUP_033_1_1_1_L_CAM-02_0000281.jpeg
HPUP_033_1_1_1_L_CAM-05_0000282.jpeg,HPUP_033_1_1_1_L_CAM-02_0000282.jpeg
HPUP_033_1_1_1_L_CAM-05_0000283.jpeg,HPUP_033_1_1_1_L_CAM-02_0000283.jpeg
HPUP_033_1_1_1_L_CAM-05_0000284.jpeg,HPUP_033_1_1_1_L_CAM-02_0000284.jpeg
HPUP_033_1_1_1_L_CAM-05_0000285.jpeg,HPUP_033_1_1_1_L_CAM-02_0000285.jpeg
HPUP_033_1_1_1_L_CAM-05_0000286.jpeg,HPUP_033_1_1_1_L_CAM-02_0000286.jpeg
HPUP_033_1_1_1_L_CAM-05_0000287.jpeg,HPUP_033_1_1_1_L_CAM-02_0000287.jpeg
HPUP_033_1_1_1_L_CAM-05_0000288.jpeg,HPUP_033_1_1_1_L_CAM-02_0000288.jpeg
HPUP_033_1_1_1_L_CAM-05_0000289.jpeg,HPUP_033_1_1_1_L_CAM-02_0000289.jpeg
HPUP_033_1_1_1_L_CAM-05_0000290.jpeg,HPUP_033_1_1_1_L_CAM-02_0000290.jpeg
HPUP_033_1_1_1_L_CAM-05_0000291.jpeg,HPUP_033_1_1_1_L_CAM-02_0000291.jpeg
HPUP_033_1_1_1_L_CAM-05_0000292.jpeg,HPUP_033_1_1_1_L_CAM-02_0000292.jpeg
HPUP_033_1_1_1_L_CAM-05_0000293.jpeg,HPUP_033_1_1_1_L_CAM-02_0000293.jpeg
HPUP_033_1_1_1_L_CAM-05_0000294.jpeg,HPUP_033_1_1_1_L_CAM-02_0000294.jpeg
HPUP_033_1_1_1_L_CAM-05_0000295.jpeg,HPUP_033_1_1_1_L_CAM-02_0000295.jpeg
HPUP_033_1_1_1_L_CAM-05_0000296.jpeg,HPUP_033_1_1_1_L_CAM-02_0000296.jpeg
HPUP_033_1_1_1_L_CAM-05_0000297.jpeg,HPUP_033_1_1_1_L_CAM-02_0000297.jpeg
HPUP_033_1_1_1_L_CAM-05_0000298.jpeg,HPUP_033_1_1_1_L_CAM-02_0000298.jpeg
HPUP_033_1_1_1_L_CAM-05_0000299.jpeg,HPUP_033_1_1_1_L_CAM-02_0000299.jpeg
HPUP_033_1_1_1_L_CAM-05_0000300.jpeg,HPUP_033_1_1_1_L_CAM-02_0000300.jpeg
HPUP_033_1_1_1_L_CAM-05_0000301.jpeg,HPUP_033_1_1_1_L_CAM-02_0000301.jpeg
HPUP_033_1_1_1_L_CAM-05_0000302.jpeg,HPUP_033_1_1_1_L_CAM-02_0000302.jpeg
HPUP_033_1_1_1_L_CAM-05_0000303.jpeg,HPUP_033_1_1_1_L_CAM-02_0000303.jpeg
HPUP_033_1_1_1_L_CAM-05_0000304.jpeg,HPUP_033_1_1_1_L_CAM-02_0000304.jpeg
HPUP_033_1_1_1_L_CAM-05_0000305.jpeg,HPUP_033_1_1_1_L_CAM-02_0000305.jpeg
HPUP_033_1_1_1_L_CAM-05_0000306.jpeg,HPUP_033_1_1_1_L_CAM-02_0000306.jpeg
HPUP_033_1_1_1_L_CAM-05_0000307.jpeg,HPUP_033_1_1_1_L_CAM-02_0000307.jpeg
HPUP_033_1_1_1_L_CAM-05_0000308.jpeg,HPUP_033_1_1_1_L_CAM-02_0000308.jpeg
HPUP_033_1_1_1_L_CAM-05_0000309.jpeg,HPUP_033_1_1_1_L_CAM-02_0000309.jpeg
HPUP_033_1_1_1_L_CAM-05_0000310.jpeg,HPUP_033_1_1_1_L_CAM-02_0000310.jpeg
HPUP_033_1_1_1_L_CAM-05_0000311.jpeg,HPUP_033_1_1_1_L_CAM-02_0000311.jpeg
HPUP_033_1_1_1_L_CAM-05_0000312.jpeg,HPUP_033_1_1_1_L_CAM-02_0000312.jpeg
HPUP_033_1_1_1_L_CAM-05_0000313.jpeg,HPUP_033_1_1_1_L_CAM-02_0000313.jpeg
HPUP_033_1_1_1_L_CAM-05_0000314.jpeg,HPUP_033_1_1_1_L_CAM-02_0000314.jpeg
HPUP_033_1_1_1_L_CAM-05_0000315.jpeg,HPUP_033_1_1_1_L_CAM-02_0000315.jpeg
HPUP_033_1_1_1_L_CAM-05_0000316.jpeg,HPUP_033_1_1_1_L_CAM-02_0000316.jpeg
HPUP_033_1_1_1_L_CAM-05_0000317.jpeg,HPUP_033_1_1_1_L_CAM-02_0000317.jpeg
HPUP_033_1_1_1_L_CAM-05_0000318.jpeg,HPUP_033_1_1_1_L_CAM-02_0000318.jpeg
HPUP_033_1_1_1_L_CAM-05_0000319.jpeg,HPUP_033_1_1_1_L_CAM-02_0000319.jpeg
HPUP_033_1_1_1_L_CAM-05_0000320.jpeg,HPUP_033_1_1_1_L_CAM-02_0000320.jpeg
HPUP_033_1_1_1_L_CAM-05_0000321.jpeg,HPUP_033_1_1_1_L_CAM-02_0000321.jpeg
HPUP_033_1_1_1_L_CAM-05_0000322.jpeg,HPUP_033_1_1_1_L_CAM-02_0000322.jpeg
HPUP_033_1_1_1_L_CAM-05_0000323.jpeg,HPUP_033_1_1_1_L_CAM-02_0000323.jpeg
HPUP_033_1_1_1_L_CAM-05_0000324.jpeg,HPUP_033_1_1_1_L_CAM-02_0000324.jpeg
HPUP_033_1_1_1_L_CAM-05_0000325.jpeg,HPUP_033_1_1_1_L_CAM-02_0000325.jpeg
HPUP_033_1_1_1_L_CAM-05_0000326.jpeg,HPUP_033_1_1_1_L_CAM-02_0000326.jpeg
HPUP_033_1_1_1_L_CAM-05_0000327.jpeg,HPUP_033_1_1_1_L_CAM-02_0000327.jpeg
HPUP_033_1_1_1_L_CAM-05_0000328.jpeg,HPUP_033_1_1_1_L_CAM-02_0000328.jpeg
HPUP_033_1_1_1_L_CAM-05_0000329.jpeg,HPUP_033_1_1_1_L_CAM-02_0000329.jpeg
HPUP_033_1_1_1_L_CAM-05_0000330.jpeg,HPUP_033_1_1_1_L_CAM-02_0000330.jpeg
HPUP_033_1_1_1_L_CAM-05_0000331.jpeg,HPUP_033_1_1_1_L_CAM-02_0000331.jpeg
HPUP_033_1_1_1_L_CAM-05_0000332.jpeg,HPUP_033_1_1_1_L_CAM-02_0000332.jpeg
HPUP_033_1_1_1_L_CAM-05_0000333.jpeg,HPUP_033_1_1_1_L_CAM-02_0000333.jpeg
HPUP_033_1_1_1_L_CAM-05_0000334.jpeg,HPUP_033_1_1_1_L_CAM-02_0000334.jpeg
HPUP_033_1_1_1_L_CAM-05_0000335.jpeg,HPUP_033_1_1_1_L_CAM-02_0000335.jpeg
HPUP_033_1_1_1_L_CAM-05_0000336.jpeg,HPUP_033_1_1_1_L_CAM-02_0000336.jpeg
HPUP_033_1_1_1_L_CAM-05_0000337.jpeg,HPUP_033_1_1_1_L_CAM-02_0000337.jpeg
HPUP_033_1_1_1_L_CAM-05_0000338.jpeg,HPUP_033_1_1_1_L_CAM-02_0000338.jpeg
HPUP_033_1_1_1_L_CAM-05_0000339.jpeg,HPUP_033_1_1_1_L_CAM-02_0000339.jpeg
HPUP_033_1_1_1_L_CAM-05_0000340.jpeg,HPUP_033_1_1_1_L_CAM-02_0000340.jpeg
HPUP_033_1_1_1_L_CAM-05_0000341.jpeg,HPUP_033_1_1_1_L_CAM-02_0000341.jpeg
HPUP_033_1_1_1_L_CAM-05_0000342.jpeg,HPUP_033_1_1_1_L_CAM-02_0000342.jpeg
HPUP_033_1_1_1_L_CAM-05_0000343.jpeg,HPUP_033_1_1_1_L_CAM-02_0000343.jpeg
HPUP_033_1_1_1_L_CAM-05_0000344.jpeg,HPUP_033_1_1_1_L_CAM-02_0000344.jpeg
HPUP_033_1_1_1_L_CAM-05_0000345.jpeg,HPUP_033_1_1_1_L_CAM-02_0000345.jpeg
HPUP_033_1_1_1_L_CAM-05_0000346.jpeg,HPUP_033_1_1_1_L_CAM-02_0000346.jpeg
HPUP_033_1_1_1_L_CAM-05_0000347.jpeg,HPUP_033_1_1_1_L_CAM-02_0000347.jpeg
HPUP_033_1_1_1_L_CAM-05_0000348.jpeg,HPUP_033_1_1_1_L_CAM-02_0000348.jpeg
HPUP_033_1_1_1_L_CAM-05_0000349.jpeg,HPUP_033_1_1_1_L_CAM-02_0000349.jpeg
HPUP_033_1_1_1_L_CAM-05_0000350.jpeg,HPUP_033_1_1_1_L_CAM-02_0000350.jpeg
HPUP_033_1_1_1_L_CAM-05_0000351.jpeg,HPUP_033_1_1_1_L_CAM-02_0000351.jpeg
HPUP_033_1_1_1_L_CAM-05_0000352.jpeg,HPUP_033_1_1_1_L_CAM-02_0000352.jpeg
HPUP_033_1_1_1_L_CAM-05_0000353.jpeg,HPUP_033_1_1_1_L_CAM-02_0000353.jpeg
HPUP_033_1_1_1_L_CAM-05_0000354.jpeg,HPUP_033_1_1_1_L_CAM-02_0000354.jpeg
HPUP_033_1_1_1_L_CAM-05_0000355.jpeg,HPUP_033_1_1_1_L_CAM-02_0000355.jpeg
HPUP_033_1_1_1_L_CAM-05_0000356.jpeg,HPUP_033_1_1_1_L_CAM-02_0000356.jpeg
HPUP_033_1_1_1_L_CAM-05_0000357.jpeg,HPUP_033_1_1_1_L_CAM-02_0000357.jpeg
HPUP_033_1_1_1_L_CAM-05_0000358.jpeg,HPUP_033_1_1_1_L_CAM-02_0000358.jpeg
HPUP_033_1_1_1_L_CAM-05_0000359.jpeg,HPUP_033_1_1_1_L_CAM-02_0000359.jpeg
HPUP_033_1_1_1_L_CAM-05_0000360.jpeg,HPUP_033_1_1_1_L_CAM-02_0000360.jpeg
HPUP_033_1_1_1_L_CAM-05_0000361.jpeg,HPUP_033_1_1_1_L_CAM-02_0000361.jpeg
HPUP_033_1_1_1_L_CAM-05_0000362.jpeg,HPUP_033_1_1_1_L_CAM-02_0000362.jpeg
HPUP_033_1_1_1_L_CAM-05_0000363.jpeg,HPUP_033_1_1_1_L_CAM-02_0000363.jpeg
HPUP_033_1_1_1_L_CAM-05_0000364.jpeg,HPUP_033_1_1_1_L_CAM-02_0000364.jpeg
HPUP_033_1_1_1_L_CAM-05_0000365.jpeg,HPUP_033_1_1_1_L_CAM-02_0000365.jpeg
HPUP_033_1_1_1_L_CAM-05_0000366.jpeg,HPUP_033_1_1_1_L_CAM-02_0000366.jpeg
HPUP_033_1_1_1_L_CAM-05_0000367.jpeg,HPUP_033_1_1_1_L_CAM-02_0000367.jpeg
HPUP_033_1_1_1_L_CAM-05_0000368.jpeg,HPUP_033_1_1_1_L_CAM-02_0000368.jpeg
HPUP_033_1_1_1_L_CAM-05_0000369.jpeg,HPUP_033_1_1_1_L_CAM-02_0000369.jpeg
HPUP_033_1_1_1_L_CAM-05_0000370.jpeg,HPUP_033_1_1_1_L_CAM-02_0000370.jpeg
HPUP_033_1_1_1_L_CAM-05_0000371.jpeg,HPUP_033_1_1_1_L_CAM-02_0000371.jpeg
HPUP_033_1_1_1_L_CAM-05_0000372.jpeg,HPUP_033_1_1_1_L_CAM-02_0000372.jpeg
HPUP_033_1_1_1_L_CAM-05_0000373.jpeg,HPUP_033_1_1_1_L_CAM-02_0000373.jpeg
HPUP_033_1_1_1_L_CAM-05_0000374.jpeg,HPUP_033_1_1_1_L_CAM-02_0000374.jpeg
HPUP_033_1_1_1_L_CAM-05_0000375.jpeg,HPUP_033_1_1_1_L_CAM-02_0000375.jpeg
HPUP_033_1_1_1_L_CAM-05_0000376.jpeg,HPUP_033_1_1_1_L_CAM-02_0000376.jpeg
HPUP_033_1_1_1_L_CAM-05_0000377.jpeg,HPUP_033_1_1_1_L_CAM-02_0000377.jpeg
HPUP_033_1_1_1_L_CAM-05_0000378.jpeg,HPUP_033_1_1_1_L_CAM-02_0000378.jpeg
HPUP_033_1_1_1_L_CAM-05_0000379.jpeg,HPUP_033_1_1_1_L_CAM-02_0000379.jpeg
HPUP_033_1_1_1_L_CAM-05_0000380.jpeg,HPUP_033_1_1_1_L_CAM-02_0000380.jpeg
HPUP_033_1_1_1_L_CAM-05_0000381.jpeg,HPUP_033_1_1_1_L_CAM-02_0000381.jpeg
HPUP_033_1_1_1_L_CAM-05_0000382.jpeg,HPUP_033_1_1_1_L_CAM-02_0000382.jpeg
HPUP_033_1_1_1_L_CAM-05_0000383.jpeg,HPUP_033_1_1_1_L_CAM-02_0000383.jpeg
HPUP_033_1_1_1_L_CAM-05_0000384.jpeg,HPUP_033_1_1_1_L_CAM-02_0000384.jpeg
HPUP_033_1_1_1_L_CAM-05_0000385.jpeg,HPUP_033_1_1_1_L_CAM-02_0000385.jpeg
HPUP_033_1_1_1_L_CAM-05_0000386.jpeg,HPUP_033_1_1_1_L_CAM-02_0000386.jpeg
HPUP_033_1_1_1_L_CAM-05_0000387.jpeg,HPUP_033_1_1_1_L_CAM-02_0000387.jpeg
HPUP_033_1_1_1_L_CAM-05_0000388.jpeg,HPUP_033_1_1_1_L_CAM-02_0000388.jpeg
HPUP_033_1_1_1_L_CAM-05_0000389.jpeg,HPUP_033_1_1_1_L_CAM-02_0000389.jpeg
HPUP_033_1_1_1_L_CAM-05_0000390.jpeg,HPUP_033_1_1_1_L_CAM-02_0000390.jpeg
HPUP_033_1_1_1_L_CAM-05_0000391.jpeg,HPUP_033_1_1_1_L_CAM-02_0000391.jpeg
HPUP_033_1_1_1_L_CAM-05_0000392.jpeg,HPUP_033_1_1_1_L_CAM-02_0000392.jpeg
HPUP_033_1_1_1_L_CAM-05_0000393.jpeg,HPUP_033_1_1_1_L_CAM-02_0000393.jpeg
HPUP_033_1_1_1_L_CAM-05_0000394.jpeg,HPUP_033_1_1_1_L_CAM-02_0000394.jpeg
HPUP_033_1_1_1_L_CAM-05_0000395.jpeg,HPUP_033_1_1_1_L_CAM-02_0000395.jpeg
HPUP_033_1_1_1_L_CAM-05_0000396.jpeg,HPUP_033_1_1_1_L_CAM-02_0000396.jpeg
HPUP_033_1_1_1_L_CAM-05_0000397.jpeg,HPUP_033_1_1_1_L_CAM-02_0000397.jpeg
HPUP_033_1_1_1_L_CAM-05_0000398.jpeg,HPUP_033_1_1_1_L_CAM-02_0000398.jpeg
HPUP_033_1_1_1_L_CAM-05_0000399.jpeg,HPUP_033_1_1_1_L_CAM-02_0000399.jpeg
HPUP_033_1_1_1_L_CAM-05_0000400.jpeg,HPUP_033_1_1_1_L_CAM-02_0000400.jpeg
